name,description,email,status
Nellie Hunt,Lorem ipsum dolor sit amet,ririnak@wapej.jp,processed
Allen Peters,Lorem ipsum dolor sit amet,wu@rav.py,processed
Ralph Barker,Lorem ipsum dolor sit amet,pah@agme.mc,processed
Hallie Lewis,Lorem ipsum dolor sit amet,zievze@nok.ma,processed
Brian Frazier,Lorem ipsum dolor sit amet,la@madile.ec,processed
Myrtle Neal,Lorem ipsum dolor sit amet,sapilbo@takdi.lk,processed
Zachary Boyd,Lorem ipsum dolor sit amet,jukcel@puf.gn,processed
Derrick Luna,Lorem ipsum dolor sit amet,dowi@hadunowun.ss,processed
Cora Fisher,Lorem ipsum dolor sit amet,hunun@lotuko.aw,processed
Phoebe Fleming,Lorem ipsum dolor sit amet,dos@uli.br,processed
